seconds,processes,cpu_machine_percent,cpu_core_percent,working_set_mb,private_mb,heard
2.0,7,0.129,1.550,350.64,161.09,1
4.0,7,0.455,5.458,350.64,161.09,1
6.0,7,0.259,3.113,359.70,162.07,1
8.0,7,0.195,2.338,359.29,161.64,1
10.0,7,0.065,0.779,359.36,161.64,1
12.0,7,0.260,3.120,359.36,161.64,1
14.0,7,0.260,3.118,359.29,161.54,1
16.1,7,0.065,0.780,359.29,161.54,1
18.1,7,0.324,3.883,359.29,161.54,1
20.1,8,0.517,6.203,399.71,181.34,1
22.1,7,0.195,2.338,359.81,163.06,1
24.1,7,0.130,1.555,359.77,162.95,1
26.1,7,0.390,4.678,359.77,162.95,1
28.1,7,0.390,4.679,359.54,162.73,1
30.1,7,0.195,2.340,359.54,162.73,1
32.1,7,0.129,1.551,359.55,162.73,1
34.1,7,0.260,3.116,359.55,162.73,1
36.1,7,0.390,4.678,356.12,162.59,1
38.1,7,0.065,0.778,358.67,162.66,1
40.1,7,0.130,1.558,358.51,162.46,1
42.2,7,0.195,2.336,359.67,163.04,1
44.2,7,0.259,3.112,359.39,162.77,1
46.2,7,0.000,0.000,359.43,162.79,1
48.2,7,0.325,3.897,359.23,162.53,1
50.2,7,0.194,2.325,359.24,162.53,1
52.2,7,0.130,1.557,359.24,162.53,1
54.2,7,0.130,1.556,359.24,162.53,1
56.2,7,0.324,3.894,359.24,162.53,1
58.2,7,0.324,3.886,360.10,162.93,1
60.2,7,0.065,0.779,360.10,162.93,1
62.2,7,0.325,3.898,360.10,162.93,1
64.2,7,0.194,2.333,360.02,162.73,1
66.2,7,0.130,1.554,360.02,162.74,1
68.3,7,0.000,0.000,359.95,162.66,1
70.3,7,0.390,4.678,359.95,162.66,1
72.3,7,0.323,3.877,359.75,162.47,1
74.3,7,0.260,3.116,359.75,162.47,1
76.3,7,0.130,1.557,359.75,162.47,1
78.3,7,0.259,3.104,359.80,162.50,1
80.3,7,0.259,3.112,359.80,162.50,1
82.3,8,0.519,6.232,402.73,184.80,1
84.3,7,0.389,4.674,362.66,165.32,1
86.3,7,0.324,3.889,362.66,165.30,1
88.3,7,0.065,0.779,362.28,158.98,1
90.3,7,0.260,3.116,362.01,158.70,1
92.4,7,0.388,4.653,361.96,158.62,1
94.4,7,0.779,9.345,361.96,158.62,1
96.4,7,0.583,7.001,361.85,158.13,1
98.4,7,0.455,5.460,361.71,157.98,1
100.4,7,0.648,7.780,361.70,157.92,1
102.4,7,0.453,5.433,361.75,157.95,1
104.4,7,0.195,2.336,361.71,157.91,1
106.4,7,0.388,4.656,361.84,158.02,1
108.4,7,0.324,3.893,361.53,157.70,1
110.4,7,0.065,0.775,361.76,157.64,1
112.4,7,0.195,2.337,361.36,157.15,1
114.5,7,0.387,4.644,361.36,157.15,1
116.5,7,0.259,3.112,360.95,156.73,1
118.5,7,0.129,1.552,360.95,156.73,1
120.5,7,0.325,3.894,360.96,156.75,1
122.5,7,0.519,6.231,360.98,156.78,1
124.5,7,0.324,3.890,360.98,156.78,1
126.5,7,0.130,1.557,360.98,156.78,1
128.5,7,0.388,4.656,360.96,156.75,1
130.5,7,0.260,3.115,360.95,156.73,1
132.5,7,0.324,3.892,360.95,156.73,1
134.5,7,0.260,3.115,360.90,156.70,1
136.6,7,0.581,6.970,360.90,156.70,1
138.6,7,0.455,5.459,360.90,156.70,1
140.6,7,0.324,3.884,360.93,156.71,1
142.6,7,0.259,3.112,360.93,156.71,1
144.6,7,0.453,5.441,361.00,156.83,1
146.6,7,0.519,6.231,361.00,156.83,1
148.6,7,0.454,5.452,361.00,156.83,1
150.6,7,0.324,3.893,361.00,156.83,1
152.6,7,0.195,2.338,361.02,156.84,1
154.6,7,0.324,3.885,361.01,156.83,1
156.6,7,0.130,1.558,361.01,156.81,1
158.6,7,0.260,3.116,361.01,156.81,1
160.7,7,0.129,1.551,361.02,156.84,1
162.7,7,0.195,2.339,361.02,156.84,1
164.7,7,0.325,3.894,361.02,156.84,1
166.7,7,0.194,2.332,361.02,156.84,1
168.7,7,0.195,2.334,360.95,156.70,1
170.7,7,0.065,0.776,360.91,156.67,1
172.7,7,0.323,3.874,360.91,156.67,1
174.7,7,0.325,3.900,360.91,156.67,1
176.7,7,0.065,0.780,360.89,156.63,1
178.7,7,0.259,3.113,360.84,156.54,1
180.7,7,0.455,5.455,361.03,156.75,1
182.7,7,0.195,2.338,361.03,156.75,1
184.7,7,0.130,1.559,360.94,156.58,1
186.7,7,0.325,3.896,360.94,156.58,1
188.8,7,0.129,1.554,360.94,156.58,1
190.8,7,0.324,3.889,360.95,156.58,1
192.8,7,0.260,3.117,360.93,156.57,1
194.8,7,0.325,3.896,360.93,156.57,1
196.8,7,0.323,3.880,360.93,156.57,1
198.8,7,0.390,4.676,360.93,156.57,1
200.8,7,0.390,4.678,360.93,156.57,1
202.8,7,0.389,4.666,360.93,156.57,1
204.8,7,0.325,3.899,360.93,156.57,1
206.8,7,0.259,3.113,360.88,156.54,1
208.8,7,0.388,4.653,360.81,156.47,1
210.8,7,0.455,5.459,360.82,156.51,1
212.9,7,0.259,3.105,360.82,156.51,1
214.9,7,0.389,4.668,360.82,156.51,1
216.9,7,0.453,5.441,361.02,156.68,1
218.9,7,0.451,5.418,360.86,156.49,1
220.9,7,0.903,10.836,367.58,162.78,1
222.9,7,0.388,4.660,364.38,159.59,1
224.9,7,0.259,3.107,362.14,157.36,1
226.9,7,0.454,5.444,362.14,157.36,1
228.9,7,0.455,5.457,362.14,157.36,1
231.0,7,0.454,5.450,362.15,157.37,1
233.0,7,0.454,5.445,362.14,157.36,1
235.0,7,0.324,3.883,362.14,157.36,1
237.0,7,0.258,3.101,362.14,157.36,1
239.0,7,0.585,7.015,362.14,157.36,1
241.0,7,0.455,5.458,362.08,157.21,1
243.0,7,0.325,3.896,362.08,157.21,1
245.0,7,0.584,7.010,362.08,157.21,1
247.0,7,0.260,3.116,362.06,157.21,1
249.0,7,0.713,8.561,362.03,157.18,1
251.0,7,0.324,3.891,362.03,157.18,1
253.0,7,0.585,7.015,362.03,157.18,1
255.0,7,0.648,7.772,362.03,157.18,1
257.1,7,0.259,3.109,362.03,157.18,1
259.1,7,0.322,3.869,362.03,157.18,1
261.1,7,0.323,3.871,362.03,157.18,1
263.1,7,0.324,3.887,362.03,157.18,1
265.1,7,0.779,9.345,362.03,157.18,1
267.1,7,0.713,8.561,362.03,157.18,1
269.1,7,0.774,9.290,362.03,157.18,1
271.1,7,0.390,4.677,362.03,157.18,1
273.1,7,0.519,6.226,362.03,157.18,1
275.2,7,0.519,6.230,362.03,157.18,1
277.2,7,0.259,3.109,363.40,157.57,1
279.2,7,0.454,5.453,363.64,157.70,1
281.2,7,0.649,7.784,363.64,157.71,1
283.2,7,0.454,5.451,363.93,157.96,1
285.2,7,0.260,3.116,363.93,157.96,1
287.2,7,0.390,4.677,363.93,157.96,1
289.2,7,0.520,6.235,363.93,157.96,1
291.2,7,0.454,5.450,363.93,157.96,1
293.2,7,0.454,5.452,363.95,157.98,1
295.2,7,0.259,3.110,363.95,157.98,1
297.2,7,0.519,6.227,363.95,157.98,1
299.2,7,0.324,3.892,363.95,157.98,1
301.2,7,0.194,2.329,363.95,157.98,1
303.3,7,0.390,4.677,363.95,157.98,1
305.3,7,0.387,4.649,363.95,157.98,1
307.3,7,0.260,3.119,363.95,157.98,1
309.3,7,0.258,3.099,363.95,157.98,1
311.3,7,0.519,6.227,363.95,157.98,1
313.3,7,0.388,4.657,363.95,157.98,1
315.3,7,0.324,3.885,363.95,157.98,1
317.3,7,0.455,5.461,363.95,157.98,1
319.3,7,0.455,5.455,363.95,157.98,1
321.3,7,0.323,3.882,363.95,157.98,1
323.4,7,0.454,5.445,363.95,157.98,1
325.4,7,0.324,3.890,363.95,157.98,1
327.4,7,0.453,5.436,363.95,157.98,1
329.4,7,0.260,3.115,363.95,157.98,1
331.4,7,0.390,4.678,363.95,157.98,1
333.4,7,0.518,6.219,363.95,157.98,1
335.4,7,0.324,3.885,363.95,157.98,1
337.4,7,0.324,3.888,364.12,158.13,1
339.4,7,0.453,5.438,364.11,158.10,1
341.4,7,0.519,6.232,363.86,157.89,1
343.4,7,0.260,3.120,363.90,157.91,1
345.4,7,0.325,3.895,363.96,157.93,1
347.4,7,0.583,6.998,363.96,157.93,1
349.5,7,0.390,4.675,363.93,157.90,1
351.5,7,0.454,5.450,363.93,157.90,1
353.5,7,0.324,3.890,363.93,157.90,1
355.5,7,0.520,6.239,363.94,157.90,1
357.5,7,0.324,3.883,363.94,157.90,1
359.5,7,0.259,3.109,363.94,157.90,1
361.5,7,0.517,6.206,363.94,157.90,1
363.5,7,0.454,5.452,363.94,157.90,1
365.5,7,0.324,3.893,363.94,157.90,1
367.5,7,0.325,3.900,363.94,157.90,1
369.5,7,0.194,2.333,363.94,157.90,1
371.5,7,0.324,3.892,363.94,157.90,1
373.5,7,0.260,3.118,363.94,157.90,1
375.5,7,0.325,3.900,363.94,157.90,1
377.6,7,0.454,5.450,363.94,157.90,1
379.6,7,0.259,3.112,363.70,157.46,1
381.6,7,0.195,2.335,363.63,157.34,1
383.6,7,0.517,6.206,363.63,157.34,1
385.6,8,1.040,12.477,404.25,177.19,1
387.6,7,0.323,3.873,364.31,157.95,1
389.6,7,0.325,3.894,364.31,157.95,1
391.6,7,0.260,3.118,364.34,158.00,1
393.6,7,0.454,5.449,364.34,158.00,1
395.6,7,0.388,4.654,364.34,158.00,1
397.6,7,0.519,6.225,364.36,158.00,1
399.7,7,0.649,7.789,364.36,158.00,1
401.7,7,0.324,3.891,364.36,158.00,1
403.7,7,0.454,5.451,364.36,158.00,1
405.7,7,0.388,4.655,364.36,158.00,1
407.7,7,0.454,5.452,364.36,158.01,1
409.7,7,0.387,4.646,364.34,157.98,1
411.7,7,0.325,3.897,364.34,157.98,1
413.7,7,0.259,3.109,364.34,157.98,1
415.7,7,0.584,7.005,364.32,157.98,1
417.7,7,0.324,3.889,364.33,157.98,1
419.7,7,0.455,5.459,364.33,157.98,1
421.7,7,0.324,3.890,364.33,157.98,1
423.8,7,0.325,3.899,364.33,157.98,1
425.8,7,0.519,6.232,364.33,157.98,1
427.8,7,0.455,5.460,364.31,157.94,1
429.8,7,0.325,3.898,364.30,157.94,1
431.8,7,0.325,3.896,363.87,157.52,1
433.8,7,0.516,6.197,363.87,157.52,1
435.8,7,0.649,7.786,363.87,157.52,1
437.8,7,0.389,4.668,363.87,157.52,1
439.8,7,0.325,3.897,363.87,157.52,1
441.8,7,0.323,3.877,363.79,157.41,1
443.8,7,0.454,5.446,363.79,157.41,1
445.8,7,0.325,3.896,363.67,157.21,1
447.9,7,0.647,7.761,363.67,157.21,1
449.9,7,0.908,10.894,363.67,157.21,1
451.9,7,0.455,5.457,363.67,157.21,1
453.9,7,0.259,3.106,363.67,157.21,1
455.9,7,0.259,3.113,363.68,157.22,1
457.9,7,0.649,7.791,363.68,157.22,1
459.9,7,0.325,3.896,363.68,157.22,1
461.9,7,0.259,3.111,363.68,157.22,1
463.9,7,0.520,6.238,363.68,157.22,1
465.9,7,0.387,4.647,363.68,157.22,1
467.9,7,0.259,3.110,363.68,157.22,1
469.9,7,0.647,7.768,363.67,157.21,1
472.0,7,0.646,7.748,363.67,157.21,1
474.0,7,0.260,3.119,363.67,157.21,1
476.0,7,0.387,4.646,363.67,157.21,1
478.0,7,0.387,4.641,363.67,157.21,1
480.0,7,0.194,2.322,363.65,157.18,1
482.0,7,0.455,5.457,363.65,157.18,1
484.0,7,0.323,3.871,363.65,157.18,1
486.0,7,0.455,5.459,363.63,157.14,1
488.1,7,0.324,3.893,363.21,156.73,1
490.1,7,0.453,5.436,363.21,156.73,1
492.1,7,0.584,7.010,363.21,156.73,1
494.1,7,0.388,4.653,363.21,156.73,1
496.1,7,0.325,3.895,363.21,156.73,1
498.1,7,0.453,5.430,363.21,156.73,1
500.1,7,0.387,4.647,363.21,156.73,1
502.1,7,0.325,3.895,363.21,156.73,1
504.1,7,0.454,5.452,363.21,156.73,1
506.1,7,0.389,4.666,363.21,156.73,1
508.1,7,0.455,5.458,363.21,156.73,1
510.2,7,0.387,4.647,363.21,156.73,1
512.2,7,0.260,3.119,363.17,156.64,1
514.2,7,0.387,4.647,363.16,156.63,1
516.2,7,0.454,5.452,363.16,156.58,1
518.2,7,0.452,5.429,363.19,156.64,1
520.2,7,0.390,4.677,363.19,156.64,1
522.2,7,0.581,6.976,363.19,156.64,1
524.2,7,0.453,5.440,363.21,156.64,1
526.2,7,0.389,4.671,363.21,156.64,1
528.3,7,0.453,5.435,363.21,156.64,1
530.3,7,0.710,8.519,363.21,156.64,1
532.3,7,0.455,5.458,363.21,156.64,1
534.3,7,0.323,3.879,363.21,156.64,1
536.3,7,0.324,3.893,363.21,156.64,1
538.3,7,0.390,4.677,363.21,156.64,1
540.3,7,0.323,3.881,363.21,156.64,1
542.3,7,0.583,6.997,363.21,156.64,1
544.3,7,0.711,8.536,363.21,156.64,1
546.4,7,0.453,5.437,363.17,156.57,1
548.4,7,0.259,3.112,363.19,156.62,1
550.4,7,0.388,4.651,363.19,156.62,1
552.4,7,0.455,5.455,363.19,156.62,1
554.4,7,0.195,2.334,363.19,156.62,1
556.4,7,0.259,3.108,363.19,156.62,1
558.4,7,0.648,7.773,363.19,156.62,1
560.4,7,0.324,3.884,363.19,156.62,1
562.4,7,0.388,4.657,363.19,156.62,1
564.4,7,0.389,4.671,363.19,156.62,1
566.5,7,0.389,4.667,363.19,156.62,1
568.5,7,0.260,3.114,363.19,156.62,1
570.5,7,0.390,4.678,363.19,156.62,1
572.5,7,0.715,8.579,363.19,156.62,1
574.5,7,0.387,4.647,363.19,156.62,1
576.5,7,0.324,3.887,363.60,157.10,1
578.5,7,0.324,3.893,363.66,157.19,1
580.5,7,0.585,7.019,363.66,157.19,1
582.5,7,0.194,2.324,364.02,157.44,1
584.5,7,0.455,5.459,364.02,157.44,1
586.5,7,0.584,7.003,364.02,157.44,1
588.5,7,0.325,3.897,364.02,157.44,1
590.5,7,0.259,3.111,364.02,157.44,1
592.6,7,0.519,6.229,364.02,157.44,1
594.6,7,0.324,3.891,364.02,157.44,1
596.6,7,0.260,3.115,364.02,157.44,1
598.6,7,0.454,5.445,364.02,157.44,1
600.6,7,0.454,5.443,364.02,157.44,1
602.6,7,0.712,8.545,364.02,157.44,1
604.6,7,0.325,3.895,364.02,157.44,1
606.6,7,0.647,7.758,363.75,157.20,1
608.6,7,0.646,7.752,363.75,157.20,1
610.6,7,0.585,7.014,363.75,157.20,1
612.6,7,0.453,5.435,363.75,157.20,1
614.7,7,0.389,4.669,363.75,157.20,1
616.7,7,0.387,4.649,363.75,157.20,1
618.7,7,0.390,4.678,363.75,157.20,1
620.7,7,0.453,5.442,363.75,157.20,1
622.7,7,0.584,7.006,363.75,157.20,1
624.7,7,0.711,8.530,363.75,157.20,1
626.7,7,0.259,3.113,363.75,157.20,1
628.7,7,0.453,5.441,363.75,157.20,1
630.7,7,0.389,4.662,363.75,157.20,1
632.8,7,0.453,5.434,363.75,157.20,1
634.8,7,0.260,3.114,363.75,157.20,1
636.8,7,0.323,3.874,363.70,157.08,1
638.8,7,0.455,5.458,363.73,157.16,1
640.8,7,0.453,5.432,363.75,157.19,1
642.8,7,0.260,3.114,363.75,157.19,1
644.8,7,0.389,4.672,363.75,157.19,1
646.8,7,0.454,5.444,363.51,156.76,1
648.8,7,0.260,3.117,363.46,156.70,1
650.8,7,0.323,3.881,363.39,156.63,1
652.8,7,0.455,5.460,363.39,156.63,1
654.8,7,0.455,5.457,363.39,156.63,1
656.9,7,0.453,5.440,363.39,156.63,1
658.9,7,0.195,2.340,363.39,156.63,1
660.9,7,0.390,4.674,363.39,156.63,1
662.9,7,0.323,3.877,363.43,156.68,1
664.9,7,0.259,3.107,363.43,156.68,1
666.9,7,0.389,4.674,363.43,156.68,1
668.9,7,0.453,5.440,363.43,156.68,1
670.9,7,0.324,3.890,363.43,156.68,1
672.9,7,0.585,7.019,363.43,156.68,1
674.9,7,0.711,8.529,363.43,156.68,1
676.9,7,0.324,3.891,363.43,156.68,1
679.0,7,0.259,3.103,363.43,156.68,1
681.0,7,0.453,5.434,363.43,156.68,1
683.0,7,0.454,5.453,363.43,156.68,1
685.0,7,0.324,3.887,363.43,156.68,1
687.0,7,0.454,5.446,363.41,156.65,1
689.0,7,0.780,9.355,363.41,156.64,1
691.0,7,0.323,3.876,363.41,156.64,1
693.0,7,0.260,3.119,363.41,156.64,1
695.0,7,0.389,4.667,363.41,156.64,1
697.0,7,0.649,7.782,363.38,156.57,1
699.0,7,0.325,3.899,363.36,156.54,1
701.0,7,0.324,3.891,363.38,156.57,1
703.1,7,0.582,6.984,363.38,156.57,1
705.1,7,0.520,6.236,363.38,156.57,1
707.1,7,0.259,3.112,363.38,156.57,1
709.1,7,0.389,4.671,363.38,156.57,1
711.1,7,0.454,5.447,363.38,156.57,1
713.1,7,0.325,3.896,363.38,156.57,1
715.1,7,0.325,3.900,363.38,156.57,1
717.1,7,0.520,6.237,363.38,156.57,1
719.1,7,0.325,3.899,363.38,156.57,1
721.1,7,0.325,3.896,363.38,156.57,1
723.1,7,0.455,5.459,363.38,156.57,1
725.1,7,0.388,4.658,363.38,156.57,1
727.1,7,0.519,6.231,363.38,156.57,1
729.1,7,0.259,3.107,363.38,156.57,1
731.1,7,0.585,7.018,363.38,156.57,1
733.1,7,0.519,6.234,363.38,156.57,1
735.2,7,0.258,3.097,363.38,156.57,1
737.2,7,0.322,3.869,363.38,156.57,1
739.2,7,0.520,6.240,363.38,156.57,1
741.2,7,0.389,4.669,363.38,156.57,1
743.2,7,0.453,5.435,363.38,156.57,1
745.2,7,0.325,3.897,363.38,156.57,1
747.2,7,0.649,7.783,363.38,156.57,1
749.2,7,0.324,3.892,363.38,156.57,1
751.2,7,0.260,3.117,363.38,156.57,1
753.2,7,0.518,6.220,363.38,156.57,1
755.2,7,0.455,5.458,363.38,156.57,1
757.2,7,0.390,4.679,363.39,156.58,1
759.3,7,0.323,3.876,363.38,156.55,1
761.3,7,0.325,3.898,363.39,156.58,1
763.3,7,0.194,2.325,363.39,156.58,1
765.3,7,0.065,0.780,363.35,156.54,1
767.3,7,0.454,5.447,363.35,156.54,1
769.3,7,0.520,6.240,363.35,156.54,1
771.3,7,0.324,3.888,363.35,156.54,1
773.3,7,0.647,7.759,363.35,156.54,1
775.3,7,0.585,7.016,363.35,156.54,1
777.3,7,0.581,6.970,363.35,156.54,1
779.4,7,0.454,5.454,363.35,156.54,1
781.4,7,0.581,6.973,363.35,156.54,1
783.4,7,0.779,9.353,363.35,156.54,1
785.4,7,0.389,4.665,363.35,156.54,1
787.4,7,0.389,4.672,363.34,156.53,1
789.4,7,0.711,8.535,363.34,156.53,1
791.4,7,0.583,6.995,363.34,156.53,1
793.4,7,0.260,3.116,363.34,156.53,1
795.4,7,0.455,5.459,363.34,156.53,1
797.4,7,0.584,7.010,363.34,156.53,1
799.4,7,0.453,5.434,363.34,156.53,1
801.4,7,0.195,2.336,363.34,156.53,1
803.5,7,0.454,5.450,363.34,156.53,1
805.5,7,0.519,6.223,363.34,156.53,1
807.5,7,0.259,3.108,363.34,156.53,1
809.5,7,0.259,3.112,363.34,156.53,1
811.5,7,0.323,3.872,363.34,156.53,1
813.5,7,0.325,3.899,363.34,156.53,1
815.5,7,0.322,3.868,363.34,156.53,1
817.5,7,0.323,3.875,363.36,156.54,1
819.5,7,0.584,7.010,363.34,156.52,1
821.6,7,0.388,4.660,363.36,156.55,1
823.6,7,0.389,4.672,363.36,156.55,1
825.6,7,0.455,5.459,363.36,156.55,1
827.6,7,0.519,6.223,363.36,156.55,1
829.6,7,0.325,3.899,363.36,156.55,1
831.6,7,0.260,3.117,363.36,156.55,1
833.6,7,0.649,7.792,363.36,156.55,1
835.6,7,0.260,3.115,363.36,156.55,1
837.6,7,0.194,2.323,363.36,156.55,1
839.6,7,0.519,6.224,363.36,156.55,1
841.6,7,0.520,6.239,363.36,156.55,1
843.6,7,0.259,3.110,363.36,156.55,1
845.6,7,0.260,3.118,363.36,156.55,1
847.6,7,0.389,4.671,363.36,156.54,1
849.7,7,0.389,4.667,363.36,156.54,1
851.7,7,0.194,2.329,363.36,156.54,1
853.7,7,0.324,3.891,363.36,156.54,1
855.7,7,0.909,10.913,363.36,156.54,1
857.7,7,0.259,3.110,363.36,156.54,1
859.7,7,0.260,3.115,363.36,156.54,1
861.7,7,0.518,6.211,363.36,156.54,1
863.7,7,0.520,6.237,363.36,156.54,1
865.7,7,0.260,3.120,363.36,156.54,1
867.7,7,0.323,3.881,363.36,156.54,1
869.7,7,0.649,7.785,363.36,156.54,1
871.8,7,0.323,3.881,363.36,156.54,1
873.8,7,0.454,5.447,363.36,156.54,1
875.8,7,0.389,4.672,363.36,156.54,1
877.8,7,0.582,6.983,361.00,156.48,1
879.8,7,0.322,3.869,360.99,156.47,1
881.8,7,0.454,5.453,361.25,156.71,1
883.8,7,0.389,4.674,361.25,156.71,1
885.8,7,0.453,5.442,361.25,156.71,1
887.8,7,0.325,3.898,361.25,156.71,1
889.8,7,0.260,3.115,361.25,156.71,1
891.8,7,0.390,4.678,361.25,156.71,1
893.8,7,0.585,7.015,361.25,156.71,1
895.8,7,0.324,3.892,361.25,156.71,1
897.9,7,0.390,4.677,361.25,156.71,1
899.9,7,0.520,6.239,361.25,156.71,1
901.9,7,0.452,5.423,361.25,156.71,1
903.9,7,0.324,3.892,361.25,156.71,1
905.9,7,0.649,7.788,361.25,156.71,1
907.9,7,0.324,3.892,360.91,156.39,1
909.9,7,0.388,4.651,360.91,156.39,1
911.9,7,0.390,4.678,360.91,156.39,1
913.9,7,0.452,5.427,360.89,156.36,1
915.9,7,0.455,5.455,360.88,156.34,1
917.9,7,0.517,6.204,360.88,156.34,1
920.0,7,0.454,5.454,360.88,156.34,1
922.0,7,0.649,7.782,360.88,156.34,1
924.0,7,0.520,6.236,360.88,156.34,1
926.0,7,0.325,3.896,360.88,156.34,1
928.0,7,0.649,7.784,360.88,156.34,1
930.0,7,0.194,2.333,360.88,156.34,1
932.0,7,0.324,3.893,360.91,156.39,1
934.0,7,0.323,3.881,360.91,156.39,1
936.0,7,0.519,6.226,361.01,156.44,1
938.0,7,0.260,3.117,360.97,156.38,1
940.0,7,0.388,4.661,360.97,156.38,1
942.0,7,0.585,7.019,360.97,156.38,1
944.0,7,0.455,5.457,360.97,156.38,1
946.1,7,0.323,3.877,360.97,156.38,1
948.1,7,0.455,5.457,360.97,156.38,1
950.1,7,0.646,7.748,360.97,156.38,1
952.1,7,0.325,3.894,360.97,156.38,1
954.1,7,0.452,5.430,360.97,156.38,1
956.1,7,0.519,6.233,360.97,156.38,1
958.1,7,0.519,6.230,360.97,156.38,1
960.1,7,0.130,1.557,360.97,156.38,1
962.1,7,0.324,3.890,360.97,156.38,1
964.1,7,0.453,5.433,360.97,156.38,1
966.1,7,0.324,3.887,360.94,156.32,1
968.2,7,0.518,6.220,360.96,156.38,1
970.2,7,0.324,3.884,360.96,156.38,1
972.2,7,0.583,7.001,360.96,156.38,1
974.2,7,0.390,4.677,360.96,156.38,1
976.2,7,0.454,5.449,360.96,156.38,1
978.2,7,0.389,4.672,360.96,156.38,1
980.2,7,0.388,4.655,360.96,156.38,1
982.2,7,0.455,5.458,360.89,156.27,1
984.2,7,0.390,4.678,360.89,156.27,1
986.2,8,0.712,8.541,401.77,176.34,1
988.2,8,0.454,5.454,401.64,176.15,1
990.2,7,0.258,3.102,361.60,156.94,1
992.3,7,0.258,3.096,361.60,156.94,1
994.3,7,0.452,5.428,361.60,156.94,1
996.3,7,0.260,3.119,361.18,156.54,1
998.3,7,0.455,5.459,361.18,156.54,1
1000.3,7,0.649,7.787,361.18,156.54,1
1002.3,7,0.325,3.897,361.18,156.54,1
1004.3,7,0.325,3.896,361.18,156.54,1
1006.3,7,0.390,4.678,361.18,156.54,1
1008.3,7,0.518,6.219,361.17,156.53,1
1010.3,7,0.324,3.885,361.17,156.53,1
1012.3,7,0.259,3.108,361.13,156.46,1
1014.3,7,0.455,5.457,361.13,156.46,1
1016.4,7,0.390,4.676,361.13,156.46,1
1018.4,7,0.323,3.874,361.13,156.46,1
1020.4,7,0.390,4.679,361.13,156.46,1
1022.4,7,0.712,8.545,361.13,156.46,1
1024.4,7,0.390,4.677,361.13,156.46,1
1026.4,7,0.259,3.108,361.09,156.37,1
1028.4,7,0.325,3.897,361.12,156.45,1
1030.4,7,0.649,7.792,361.12,156.45,1
1032.4,7,0.389,4.666,361.12,156.45,1
1034.4,7,0.260,3.118,361.12,156.45,1
1036.4,7,0.453,5.441,361.12,156.45,1
1038.4,7,0.388,4.660,361.12,156.45,1
1040.5,7,0.258,3.098,361.12,156.45,1
1042.5,7,0.581,6.974,361.12,156.45,1
1044.5,7,0.650,7.797,361.12,156.45,1
1046.5,7,0.390,4.676,361.12,156.45,1
1048.5,7,0.323,3.879,361.12,156.45,1
1050.5,7,0.455,5.458,361.12,156.45,1
1052.5,7,0.388,4.654,361.12,156.45,1
1054.5,7,0.390,4.675,361.12,156.45,1
1056.5,7,0.452,5.426,361.16,156.50,1
1058.5,7,0.455,5.458,361.12,156.45,1
1060.5,7,0.325,3.898,361.14,156.45,1
1062.6,7,0.325,3.899,361.14,156.45,1
1064.6,7,0.649,7.790,361.14,156.45,1
1066.6,7,0.584,7.007,361.14,156.45,1
1068.6,7,0.325,3.896,361.07,156.38,1
1070.6,7,0.388,4.656,361.07,156.38,1
1072.6,7,0.455,5.459,361.07,156.38,1
1074.6,7,0.259,3.105,361.07,156.38,1
1076.6,7,0.519,6.227,361.07,156.38,1
1078.6,7,0.454,5.445,361.07,156.38,1
1080.6,7,0.453,5.439,361.07,156.38,1
1082.6,7,0.389,4.663,361.07,156.38,1
1084.7,7,0.258,3.102,361.07,156.38,1
1086.7,7,0.325,3.896,361.05,156.32,1
1088.7,7,0.647,7.765,361.07,156.38,1
1090.7,7,0.454,5.447,361.07,156.38,1
1092.7,7,0.324,3.883,361.07,156.38,1
1094.7,7,0.454,5.446,361.07,156.38,1
1096.7,7,0.324,3.883,361.07,156.38,1
1098.7,7,0.324,3.889,361.07,156.38,1
1100.7,7,0.323,3.874,361.07,156.38,1
1102.7,7,0.455,5.459,361.07,156.38,1
1104.7,7,0.260,3.115,361.07,156.38,1
1106.8,7,0.323,3.875,361.07,156.38,1
1108.8,7,0.390,4.678,361.07,156.38,1
1110.8,7,0.647,7.761,361.07,156.38,1
1112.8,7,0.194,2.323,361.07,156.37,1
1114.8,7,0.520,6.237,361.07,156.37,1
1116.8,7,0.650,7.797,361.05,156.31,1
1118.8,7,0.323,3.873,361.05,156.31,1
1120.8,7,0.520,6.239,361.06,156.34,1
1122.8,7,0.517,6.208,361.06,156.34,1
1124.9,7,0.581,6.975,361.06,156.34,1
1126.9,7,0.260,3.115,361.06,156.34,1
1128.9,7,0.324,3.891,361.06,156.34,1
1130.9,7,0.388,4.658,361.06,156.34,1
1132.9,7,0.260,3.121,361.06,156.34,1
1134.9,7,0.323,3.874,361.06,156.34,1
1136.9,7,0.259,3.103,361.06,156.34,1
1138.9,7,0.195,2.336,361.06,156.34,1
1140.9,7,0.064,0.774,361.06,156.34,1
1143.0,7,0.323,3.878,361.06,156.34,1
1145.0,7,0.260,3.116,361.06,156.34,1
1147.0,7,0.520,6.237,361.02,156.25,1
1149.0,7,0.195,2.339,361.06,156.34,1
1151.0,7,0.260,3.118,361.06,156.34,1
1153.0,7,0.454,5.454,361.06,156.34,1
1155.0,7,0.519,6.231,361.06,156.34,1
1157.0,7,0.130,1.555,361.06,156.34,1
1159.0,7,0.260,3.116,361.06,156.34,1
1161.0,7,0.453,5.431,361.06,156.34,1
1163.0,7,0.194,2.333,361.06,156.34,1
1165.0,7,0.389,4.674,361.06,156.34,1
1167.0,7,0.649,7.790,361.06,156.34,1
1169.1,7,0.452,5.419,361.06,156.34,1
1171.1,7,0.260,3.120,361.06,156.34,1
1173.1,7,0.323,3.874,361.06,156.34,1
1175.1,7,0.455,5.458,361.06,156.34,1
1177.1,7,0.195,2.336,361.10,156.41,1
1179.1,7,0.325,3.897,361.09,156.38,1
1181.1,7,0.454,5.450,361.11,156.41,1
1183.1,7,0.389,4.664,361.09,156.37,1
1185.1,7,0.324,3.886,361.09,156.37,1
1187.1,7,0.323,3.879,361.09,156.37,1
1189.1,7,0.260,3.114,361.09,156.37,1
1191.2,7,0.387,4.646,361.09,156.37,1
1193.2,7,0.388,4.659,361.09,156.37,1
1195.2,7,0.260,3.119,361.09,156.37,1
1197.2,7,0.454,5.453,361.09,156.37,1
1199.2,7,0.260,3.115,361.09,156.37,1
1201.2,7,0.324,3.892,361.09,156.37,1
1203.2,7,0.519,6.225,361.12,156.42,1
1205.2,7,0.324,3.887,361.12,156.42,1
1207.2,7,0.323,3.872,361.12,156.42,1
1209.2,7,0.390,4.681,361.12,156.42,1
1211.2,7,0.390,4.676,361.12,156.42,1
1213.2,7,0.323,3.877,361.12,156.42,1
1215.3,7,0.322,3.868,361.12,156.42,1
1217.3,7,0.195,2.335,361.12,156.42,1
1219.3,7,0.585,7.016,361.12,156.42,1
1221.3,7,0.260,3.119,361.12,156.42,1
1223.3,7,0.325,3.897,361.12,156.42,1
1225.3,7,0.324,3.889,361.12,156.42,1
1227.3,7,0.324,3.883,361.12,156.42,1
1229.3,7,0.388,4.660,361.12,156.42,1
1231.3,7,0.324,3.890,361.12,156.42,1
1233.3,7,0.777,9.323,361.04,156.34,1
1235.4,7,0.324,3.888,361.04,156.34,1
1237.4,7,0.194,2.324,361.05,156.34,1
1239.4,7,0.585,7.020,361.04,156.31,1
1241.4,7,0.518,6.213,361.05,156.34,1
1243.4,7,0.324,3.894,361.05,156.34,1
1245.4,7,0.454,5.443,361.05,156.34,1
1247.4,7,0.776,9.315,361.05,156.34,1
1249.4,7,0.585,7.021,361.01,156.28,1
1251.4,7,0.389,4.672,361.01,156.27,1
1253.4,7,0.324,3.886,361.01,156.27,1
1255.4,7,0.519,6.229,361.01,156.27,1
1257.5,7,0.388,4.654,361.01,156.27,1
1259.5,7,0.259,3.110,361.01,156.27,1
1261.5,7,0.585,7.015,361.01,156.27,1
1263.5,7,0.260,3.116,361.01,156.27,1
1265.5,7,0.194,2.331,361.01,156.27,1
1267.5,7,0.389,4.674,361.00,156.27,1
1269.5,7,0.388,4.661,361.00,156.27,1
1271.5,7,0.195,2.337,361.00,156.27,1
1273.5,7,0.323,3.874,361.00,156.27,1
1275.5,7,0.585,7.018,361.00,156.27,1
1277.5,7,0.260,3.117,361.00,156.27,1
1279.5,7,0.130,1.559,361.00,156.27,1
1281.5,7,0.650,7.795,361.00,156.27,1
1283.5,7,0.650,7.798,361.00,156.27,1
1285.6,7,0.065,0.775,361.00,156.27,1
1287.6,7,0.260,3.118,361.00,156.27,1
1289.6,7,0.389,4.672,360.98,156.23,1
1291.6,7,0.194,2.329,360.99,156.24,1
1293.6,7,0.129,1.550,360.98,156.23,1
1295.6,7,0.390,4.676,360.98,156.23,1
1297.6,7,0.324,3.893,360.99,156.24,1
1299.6,7,0.324,3.892,360.98,156.21,1
1301.6,7,0.389,4.671,360.99,156.24,1
1303.6,7,0.389,4.664,360.99,156.24,1
1305.6,7,0.454,5.453,360.99,156.24,1
1307.6,7,0.325,3.897,360.99,156.24,1
1309.6,7,0.260,3.120,360.99,156.24,1
1311.7,7,0.323,3.878,360.99,156.24,1
1313.7,7,0.520,6.240,360.99,156.24,1
1315.7,7,0.323,3.879,360.99,156.24,1
1317.7,7,0.195,2.337,360.99,156.24,1
1319.7,7,0.516,6.195,360.99,156.24,1
1321.7,7,0.260,3.120,360.99,156.24,1
1323.7,7,0.195,2.338,360.99,156.24,1
1325.7,7,0.387,4.649,360.99,156.24,1
1327.7,7,0.518,6.211,360.99,156.24,1
1329.8,7,0.647,7.765,360.99,156.24,1
1331.8,7,0.130,1.559,360.99,156.24,1
1333.8,7,0.388,4.659,360.99,156.24,1
1335.8,7,0.389,4.669,360.99,156.24,1
1337.8,7,0.516,6.187,360.99,156.24,1
1339.8,7,0.259,3.103,360.99,156.24,1
1341.8,7,0.325,3.894,360.97,156.22,1
1343.8,7,0.389,4.668,360.97,156.22,1
1345.8,7,0.195,2.337,360.97,156.22,1
1347.8,7,0.389,4.671,360.97,156.22,1
1349.8,7,0.455,5.455,360.97,156.22,1
1351.9,7,0.324,3.893,360.97,156.22,1
1353.9,7,0.260,3.119,360.97,156.22,1
1355.9,7,0.390,4.676,360.97,156.22,1
1357.9,7,0.389,4.664,360.99,156.22,1
1359.9,7,0.194,2.332,360.99,156.22,1
1361.9,7,0.390,4.677,360.99,156.22,1
1363.9,7,0.260,3.119,360.99,156.22,1
1365.9,7,0.000,0.000,360.99,156.22,1
1367.9,7,0.194,2.333,360.99,156.22,1
1369.9,7,0.194,2.331,360.99,156.22,1
1371.9,7,0.194,2.325,360.99,156.22,1
1373.9,7,0.130,1.559,360.99,156.22,1
1375.9,7,0.130,1.557,360.99,156.22,1
1378.0,7,0.453,5.433,360.99,156.22,1
1380.0,7,0.259,3.104,360.99,156.22,1
1382.0,7,0.454,5.449,360.99,156.22,1
1384.0,7,0.455,5.459,360.99,156.22,1
1386.0,7,0.325,3.895,360.99,156.22,1
1388.0,7,0.259,3.111,360.99,156.23,1
1390.0,7,0.324,3.887,360.99,156.23,1
1392.0,7,0.388,4.658,360.99,156.23,1
1394.0,7,0.389,4.666,360.99,156.23,1
1396.0,7,0.389,4.664,360.99,156.23,1
1398.0,7,0.325,3.899,360.99,156.23,1
1400.1,7,0.454,5.449,360.99,156.23,1
1402.1,7,0.389,4.665,360.99,156.23,1
1404.1,7,0.454,5.446,360.99,156.23,1
1406.1,7,0.325,3.897,360.99,156.23,1
1408.1,7,0.715,8.574,360.99,156.23,1
1410.1,7,0.259,3.104,360.99,156.23,1
1412.1,7,0.389,4.668,360.99,156.23,1
1414.1,7,0.325,3.895,360.99,156.22,1
1416.1,7,0.324,3.894,361.04,156.27,1
1418.1,7,0.194,2.327,361.01,156.23,1
1420.1,7,0.260,3.119,361.01,156.23,1
1422.1,7,0.585,7.018,361.01,156.23,1
1424.1,7,0.518,6.222,361.01,156.23,1
1426.2,7,0.194,2.333,361.01,156.23,1
1428.2,7,0.581,6.972,361.01,156.23,1
1430.2,7,0.260,3.118,361.01,156.23,1
1432.2,7,0.455,5.456,361.01,156.23,1
1434.2,7,0.389,4.672,361.01,156.23,1
1436.2,7,0.454,5.452,361.01,156.23,1
1438.2,7,0.325,3.898,361.02,156.23,1
1440.2,7,0.387,4.646,361.02,156.23,1
1442.2,7,0.453,5.430,361.02,156.23,1
1444.2,7,0.519,6.229,361.02,156.23,1
1446.3,7,0.194,2.326,361.00,156.17,1
1448.3,7,0.390,4.675,361.02,156.23,1
1450.3,7,0.452,5.422,361.01,156.20,1
1452.3,7,0.260,3.114,360.99,156.18,1
1454.3,7,0.390,4.675,360.99,156.18,1
1456.3,7,0.776,9.316,360.99,156.18,1
1458.3,7,0.907,10.890,360.99,156.18,1
1460.3,7,0.389,4.664,360.99,156.18,1
1462.3,7,0.453,5.440,360.99,156.18,1
1464.3,7,0.585,7.016,360.99,156.18,1
1466.3,7,0.389,4.663,360.99,156.18,1
1468.3,7,0.325,3.896,360.99,156.18,1
1470.4,7,0.779,9.345,360.99,156.18,1
1472.4,7,0.646,7.757,361.02,156.22,1
1474.4,7,0.388,4.655,361.02,156.22,1
1476.4,7,0.584,7.013,361.05,156.27,1
1478.4,7,0.518,6.218,361.06,156.29,1
1480.4,7,0.583,6.992,361.06,156.29,1
1482.4,7,0.454,5.442,361.06,156.29,1
1484.4,7,0.389,4.663,361.06,156.29,1
1486.4,7,0.452,5.421,361.06,156.29,1
1488.5,7,0.324,3.892,361.06,156.29,1
1490.5,7,0.258,3.100,361.06,156.29,1
1492.5,7,0.518,6.215,361.06,156.29,1
1494.5,7,0.454,5.443,361.06,156.29,1
1496.5,7,0.390,4.675,361.06,156.29,1
1498.5,7,0.452,5.429,361.06,156.29,1
1500.5,7,0.324,3.893,361.06,156.29,1
1502.5,7,0.324,3.886,361.06,156.29,1
1504.5,7,0.455,5.460,361.06,156.29,1
1506.5,7,0.454,5.451,361.01,156.20,1
1508.6,7,0.323,3.879,361.05,156.29,1
1510.6,7,0.454,5.452,361.05,156.29,1
1512.6,7,0.390,4.677,361.05,156.29,1
1514.6,7,0.452,5.424,361.05,156.29,1
1516.6,7,0.390,4.677,361.05,156.29,1
1518.6,7,0.325,3.900,361.05,156.29,1
1520.6,7,0.260,3.119,361.05,156.29,1
1522.6,7,0.454,5.452,361.05,156.29,1
1524.6,7,0.324,3.894,361.05,156.29,1
1526.6,7,0.323,3.878,361.05,156.29,1
1528.6,7,0.519,6.230,361.05,156.29,1
1530.6,7,0.519,6.229,361.05,156.29,1
1532.6,7,0.453,5.433,361.05,156.28,1
1534.7,7,0.454,5.454,361.05,156.28,1
1536.7,7,0.389,4.666,361.09,156.33,1
1538.7,7,0.390,4.674,361.05,156.29,1
1540.7,7,0.259,3.104,361.05,156.29,1
1542.7,7,0.324,3.892,361.05,156.29,1
1544.7,7,0.389,4.672,361.05,156.29,1
1546.7,7,0.582,6.984,361.05,156.29,1
1548.7,7,0.260,3.119,361.05,156.29,1
1550.7,7,0.388,4.651,361.05,156.29,1
1552.7,7,0.454,5.449,361.05,156.29,1
1554.7,7,0.194,2.328,361.05,156.29,1
1556.8,7,0.454,5.449,361.05,156.29,1
1558.8,7,0.778,9.337,361.05,156.29,1
1560.8,7,0.455,5.456,361.05,156.29,1
1562.8,7,0.259,3.106,361.05,156.29,1
1564.8,7,0.194,2.334,361.05,156.29,1
1566.8,7,0.517,6.208,361.04,156.23,1
1568.8,7,0.390,4.674,361.07,156.29,1
1570.8,7,0.453,5.434,361.07,156.29,1
1572.8,7,0.325,3.897,361.07,156.29,1
1574.8,7,0.455,5.459,361.07,156.29,1
1576.8,7,0.715,8.576,361.07,156.29,1
1578.8,7,0.649,7.791,361.07,156.29,1
1580.8,7,0.453,5.441,361.07,156.29,1
1582.9,7,0.259,3.108,361.07,156.29,1
1584.9,7,0.452,5.424,361.04,156.23,1
1586.9,7,0.195,2.339,361.03,156.23,1
1588.9,7,0.583,6.998,361.03,156.23,1
1590.9,7,0.260,3.118,361.03,156.23,1
1592.9,7,0.324,3.893,361.02,156.22,1
1594.9,7,0.519,6.226,361.02,156.22,1
1596.9,7,0.650,7.797,361.02,156.20,1
1598.9,7,0.389,4.667,361.02,156.20,1
1600.9,7,0.260,3.119,361.03,156.23,1
1602.9,7,0.453,5.442,361.03,156.23,1
1604.9,7,0.325,3.894,361.03,156.23,1
1607.0,7,0.259,3.103,361.03,156.23,1
1609.0,7,0.584,7.009,361.03,156.23,1
1611.0,7,0.715,8.576,361.03,156.23,1
1613.0,7,0.195,2.339,361.03,156.23,1
1615.0,7,0.194,2.330,361.03,156.23,1
1617.0,7,0.646,7.758,361.03,156.23,1
1619.0,7,0.324,3.893,361.03,156.23,1
1621.0,7,0.388,4.660,361.03,156.23,1
1623.0,7,0.844,10.128,361.03,156.23,1
1625.0,7,0.585,7.020,361.03,156.23,1
1627.0,7,0.388,4.662,360.99,156.14,1
1629.0,7,0.455,5.458,361.02,156.22,1
1631.0,7,0.519,6.234,361.02,156.22,1
1633.1,7,0.452,5.420,361.02,156.22,1
1635.1,7,0.387,4.644,361.02,156.22,1
1637.1,7,0.520,6.239,361.02,156.22,1
1639.1,7,0.842,10.102,361.02,156.22,1
1641.1,7,0.774,9.290,361.02,156.22,1
1643.1,7,0.260,3.119,361.02,156.22,1
1645.1,7,0.584,7.004,361.02,156.22,1
1647.1,7,0.584,7.011,361.02,156.22,1
1649.1,7,0.325,3.897,361.02,156.22,1
1651.2,7,0.387,4.644,361.00,156.19,1
1653.2,7,0.777,9.319,361.03,156.23,1
1655.2,7,0.453,5.441,361.03,156.23,1
1657.2,7,0.259,3.114,361.04,156.23,1
1659.2,7,0.389,4.671,361.02,156.21,1
1661.2,7,0.454,5.449,361.04,156.23,1
1663.2,7,0.388,4.656,361.04,156.23,1
1665.2,7,0.325,3.898,361.04,156.23,1
1667.2,7,0.389,4.671,361.04,156.23,1
1669.2,7,0.388,4.656,361.04,156.23,1
1671.3,7,0.258,3.097,361.04,156.23,1
1673.3,7,0.258,3.101,361.04,156.23,1
1675.3,7,0.584,7.008,361.04,156.23,1
1677.3,7,0.258,3.101,361.04,156.23,1
1679.3,7,0.260,3.116,361.04,156.23,1
1681.3,7,0.519,6.233,361.04,156.23,1
1683.3,7,0.517,6.206,361.04,156.23,1
1685.3,7,0.325,3.896,361.04,156.23,1
1687.3,7,0.260,3.119,361.04,156.24,1
1689.3,7,0.519,6.222,361.04,156.24,1
1691.3,7,0.520,6.240,361.04,156.24,1
1693.3,7,0.324,3.887,361.04,156.24,1
1695.4,7,0.390,4.674,361.04,156.24,1
1697.4,7,0.519,6.233,361.04,156.24,1
1699.4,7,0.260,3.118,361.04,156.24,1
1701.4,7,0.650,7.798,361.05,156.24,1
1703.4,7,0.452,5.427,361.05,156.24,1
1705.4,7,0.649,7.785,361.05,156.24,1
1707.4,7,0.194,2.326,361.05,156.24,1
1709.4,7,0.195,2.338,361.05,156.24,1
1711.4,7,0.260,3.121,361.05,156.24,1
1713.4,7,0.323,3.873,361.04,156.23,1
1715.4,7,0.581,6.972,361.04,156.23,1
1717.5,7,0.520,6.239,361.04,156.24,1
1719.5,7,0.324,3.887,361.03,156.21,1
1721.5,7,0.389,4.663,361.04,156.24,1
1723.5,7,0.389,4.670,361.04,156.24,1
1725.5,7,0.519,6.226,361.04,156.24,1
1727.5,7,0.390,4.674,361.04,156.24,1
1729.5,7,0.389,4.672,361.04,156.24,1
1731.5,7,0.388,4.655,361.04,156.24,1
1733.5,7,0.519,6.222,361.04,156.24,1
1735.5,7,0.454,5.443,361.04,156.24,1
1737.5,7,0.325,3.895,361.04,156.24,1
1739.5,7,0.454,5.444,361.04,156.24,1
1741.6,7,0.649,7.784,361.04,156.24,1
1743.6,7,0.260,3.119,361.04,156.24,1
1745.6,7,0.260,3.115,361.04,156.24,1
1747.6,7,0.389,4.665,361.04,156.23,1
1749.6,7,0.584,7.008,361.04,156.23,1
1751.6,7,0.195,2.336,361.04,156.23,1
1753.6,7,0.260,3.115,361.04,156.23,1
1755.6,7,0.518,6.211,361.04,156.23,1
1757.6,7,0.259,3.109,361.04,156.23,1
1759.6,7,0.260,3.119,361.04,156.23,1
1761.6,7,0.390,4.680,361.04,156.23,1
1763.6,7,0.519,6.234,361.04,156.23,1
1765.6,7,0.259,3.111,361.04,156.23,1
1767.6,7,0.389,4.666,361.04,156.23,1
1769.7,7,0.518,6.218,361.04,156.23,1
1771.7,7,0.259,3.114,361.04,156.23,1
1773.7,7,0.520,6.240,361.04,156.23,1
1775.7,7,0.520,6.238,361.04,156.23,1
1777.7,7,0.390,4.676,361.16,156.38,1
1779.7,7,0.390,4.675,361.15,156.35,1
1781.7,7,0.260,3.115,361.16,156.38,1
1783.7,7,0.582,6.989,361.16,156.38,1
1785.7,7,0.648,7.779,361.16,156.38,1
1787.7,7,0.325,3.895,361.16,156.38,1
1789.7,7,0.452,5.428,361.16,156.38,1
1791.7,7,0.454,5.446,361.16,156.38,1
1793.7,7,0.518,6.213,361.16,156.38,1
1795.8,7,0.518,6.211,361.16,156.38,1
1797.8,7,0.454,5.448,361.16,156.38,1
1799.8,7,0.518,6.219,361.16,156.38,1
1801.8,7,0.325,3.899,361.16,156.38,1
