seconds,processes,cpu_machine_percent,working_set_mb,private_mb
5.2,7,0.179,359.95,162.66
10.3,7,0.256,359.75,162.47
15.3,7,0.257,359.80,162.50
20.4,7,0.257,362.66,165.30
25.4,7,0.206,362.01,158.70
30.5,7,0.514,361.96,158.63
35.6,7,0.617,361.70,157.92
40.6,7,0.309,361.71,157.91
45.7,7,0.283,361.72,157.55
50.7,7,0.258,361.36,157.15
55.8,7,0.232,360.96,156.75
60.9,7,0.360,360.98,156.78
65.9,7,0.308,360.95,156.73
71.0,7,0.334,360.90,156.70
76.1,7,0.437,360.93,156.71
81.1,7,0.437,361.00,156.83
86.2,7,0.360,361.00,156.83
91.3,7,0.231,361.01,156.83
96.3,7,0.180,361.02,156.84
101.4,7,0.257,361.02,156.84
106.5,7,0.154,360.91,156.67
111.5,7,0.257,361.06,156.80
116.6,7,0.309,361.03,156.75
121.6,7,0.180,360.94,156.58
126.7,7,0.231,360.95,156.58
131.8,7,0.309,360.93,156.57
136.8,7,0.386,360.93,156.57
141.9,7,0.334,360.88,156.54
147.0,7,0.386,360.82,156.51
152.0,7,0.360,361.02,156.68
157.1,7,0.616,367.41,162.62
162.2,7,0.412,362.14,157.36
167.2,7,0.411,362.14,157.36
172.3,7,0.335,362.14,157.36
177.3,7,0.464,362.08,157.21
182.4,7,0.437,362.05,157.19
187.5,7,0.566,362.03,157.18
192.5,7,0.438,362.03,157.18
197.6,7,0.309,362.03,157.18
202.7,7,0.668,362.03,157.18
207.7,7,0.592,362.03,157.18
212.8,7,0.386,363.40,157.57
217.8,7,0.540,363.93,157.96
222.9,7,0.360,363.93,157.96
228.0,7,0.438,363.93,157.96
233.0,7,0.438,363.95,157.98
238.1,7,0.308,363.95,157.98
243.1,7,0.309,363.95,157.98
248.2,7,0.412,363.95,157.98
253.3,7,0.360,363.95,157.98
258.3,7,0.437,363.95,157.98
263.4,7,0.334,363.95,157.98
268.4,7,0.411,363.95,157.98
273.5,7,0.360,364.13,158.13
278.6,7,0.412,363.90,157.91
283.6,7,0.438,363.93,157.90
288.7,7,0.386,363.93,157.90
293.8,7,0.385,363.94,157.90
298.8,7,0.464,363.94,157.90
303.9,7,0.283,363.94,157.90
308.9,7,0.257,363.94,157.90
314.0,7,0.386,363.74,157.49
319.1,7,0.335,363.63,157.34
324.1,7,0.489,364.31,157.95
329.2,7,0.361,364.34,158.00
334.2,7,0.488,364.36,158.00
339.3,7,0.437,364.36,158.00
344.4,7,0.411,364.34,157.98
349.4,7,0.335,364.36,158.01
354.5,7,0.437,364.33,157.98
359.6,7,0.334,364.33,157.98
364.6,7,0.438,364.29,157.91
369.7,7,0.437,363.87,157.52
374.7,7,0.463,363.87,157.52
379.8,7,0.386,363.79,157.41
384.9,7,0.617,363.67,157.21
389.9,7,0.411,363.67,157.21
395.0,7,0.463,363.68,157.22
400.1,7,0.360,363.68,157.22
405.1,7,0.412,363.67,157.21
410.2,7,0.437,363.67,157.21
415.2,7,0.334,363.65,157.18
420.3,7,0.412,363.65,157.18
425.4,7,0.386,363.21,156.73
430.4,7,0.462,363.21,156.73
435.5,7,0.386,363.21,156.73
440.6,7,0.411,363.21,156.73
445.6,7,0.412,363.21,156.73
450.7,7,0.386,363.16,156.63
455.8,7,0.385,363.19,156.64
460.8,7,0.488,363.21,156.64
465.9,7,0.540,363.21,156.64
471.0,7,0.385,363.21,156.64
476.0,7,0.385,363.21,156.64
481.1,7,0.539,363.21,156.64
486.2,7,0.386,363.19,156.62
491.2,7,0.309,363.19,156.62
496.3,7,0.437,363.19,156.62
501.3,7,0.386,363.19,156.62
506.4,7,0.335,363.19,156.62
511.5,7,0.489,363.60,157.10
516.5,7,0.462,363.66,157.19
521.6,7,0.386,364.02,157.44
526.7,7,0.309,364.02,157.44
531.7,7,0.412,364.02,157.44
536.8,7,0.541,364.02,157.44
541.8,7,0.463,363.75,157.20
546.9,7,0.617,363.75,157.20
552.0,7,0.334,363.75,157.20
557.0,7,0.437,363.75,157.20
562.1,7,0.540,363.75,157.20
567.2,7,0.463,363.75,157.20
572.2,7,0.309,363.70,157.08
577.3,7,0.412,363.75,157.19
582.4,7,0.385,363.51,156.76
587.4,7,0.309,363.39,156.63
592.5,7,0.463,363.39,156.63
597.5,7,0.309,363.43,156.68
602.6,7,0.309,363.43,156.68
607.7,7,0.437,363.43,156.68
612.7,7,0.514,363.43,156.68
617.8,7,0.438,363.43,156.68
622.8,7,0.335,363.41,156.65
627.9,7,0.541,363.41,156.64
633.0,7,0.437,363.38,156.57
638.0,7,0.386,363.38,156.57
643.1,7,0.412,363.38,156.57
648.1,7,0.412,363.38,156.57
653.2,7,0.411,363.38,156.57
658.3,7,0.309,363.38,156.57
663.3,7,0.463,363.38,156.57
668.4,7,0.515,363.38,156.57
673.4,7,0.335,363.38,156.57
678.5,7,0.438,363.38,156.57
683.5,7,0.438,363.38,156.57
688.6,7,0.334,363.38,156.57
693.7,7,0.437,363.39,156.58
698.7,7,0.283,363.39,156.58
703.8,7,0.309,363.35,156.54
708.9,7,0.488,363.35,156.54
713.9,7,0.591,363.35,156.54
719.0,7,0.592,363.35,156.54
724.0,7,0.437,363.34,156.53
729.1,7,0.515,363.34,156.53
734.2,7,0.514,363.34,156.53
739.2,7,0.309,363.34,156.53
744.3,7,0.361,363.34,156.53
749.3,7,0.335,363.34,156.53
754.4,7,0.335,363.34,156.52
759.5,7,0.514,363.36,156.55
764.5,7,0.386,363.36,156.55
769.6,7,0.437,363.36,156.55
774.6,7,0.309,363.36,156.55
779.7,7,0.386,363.36,156.55
784.8,7,0.360,363.36,156.54
789.8,7,0.283,363.36,156.54
794.9,7,0.489,363.36,156.54
799.9,7,0.489,363.36,156.54
805.0,7,0.438,363.36,156.54
810.1,7,0.386,363.36,156.54
815.1,7,0.437,360.98,156.45
820.2,7,0.412,361.25,156.71
825.3,7,0.334,361.25,156.71
830.3,7,0.463,361.25,156.71
835.4,7,0.412,361.25,156.71
840.4,7,0.386,361.25,156.71
845.5,7,0.463,360.91,156.39
850.6,7,0.411,360.88,156.34
855.6,7,0.515,360.88,156.34
860.7,7,0.463,360.88,156.34
865.7,7,0.437,360.88,156.34
870.8,7,0.386,360.91,156.39
875.8,7,0.335,360.97,156.38
880.9,7,0.490,360.97,156.38
886.0,7,0.540,360.97,156.38
891.0,7,0.412,360.97,156.38
896.1,7,0.334,360.97,156.38
901.2,7,0.360,360.97,156.38
906.2,7,0.463,360.96,156.38
911.3,7,0.464,360.96,156.38
916.3,7,0.437,360.95,156.35
921.4,7,0.334,360.89,156.27
926.5,7,0.386,361.60,156.94
931.5,7,0.359,361.60,156.94
936.6,7,0.515,361.18,156.54
941.7,7,0.335,361.18,156.54
946.7,7,0.411,361.13,156.46
951.8,7,0.360,361.13,156.46
956.9,7,0.412,361.13,156.46
961.9,7,0.411,361.09,156.37
967.0,7,0.437,361.13,156.45
972.0,7,0.386,361.13,156.45
977.1,7,0.386,361.13,156.45
982.2,7,0.541,361.13,156.45
987.2,7,0.360,361.13,156.45
992.3,7,0.437,361.16,156.50
997.4,7,0.360,361.14,156.45
1002.4,7,0.566,361.14,156.45
1007.5,7,0.386,361.07,156.38
1012.5,7,0.385,361.07,156.38
1017.6,7,0.463,361.07,156.38
1022.7,7,0.257,361.07,156.38
1027.7,7,0.540,361.07,156.38
1032.8,7,0.361,361.07,156.38
1037.8,7,0.360,361.07,156.38
1042.9,7,0.309,361.07,156.38
1048.0,7,0.463,361.07,156.37
1053.0,7,0.489,361.06,156.34
1058.1,7,0.437,361.06,156.34
1063.1,7,0.438,361.06,156.34
1068.2,7,0.360,361.06,156.34
1073.3,7,0.257,361.06,156.34
1078.3,7,0.205,361.06,156.34
1083.4,7,0.335,361.06,156.34
1088.4,7,0.335,361.06,156.34
1093.5,7,0.309,361.06,156.34
1098.6,7,0.309,361.06,156.34
1103.6,7,0.515,361.06,156.34
1108.7,7,0.309,361.06,156.34
1113.7,7,0.334,361.10,156.41
1118.8,7,0.412,361.09,156.37
1123.9,7,0.283,361.09,156.37
1128.9,7,0.386,361.09,156.37
1134.0,7,0.335,361.09,156.37
1139.0,7,0.360,361.12,156.42
1144.1,7,0.361,361.13,156.42
1149.2,7,0.385,361.13,156.42
1154.2,7,0.309,361.13,156.42
1159.3,7,0.334,361.13,156.42
1164.3,7,0.335,361.13,156.42
1169.4,7,0.540,361.04,156.34
1174.5,7,0.334,361.04,156.31
1179.5,7,0.411,361.05,156.34
1184.6,7,0.642,361.01,156.28
1189.7,7,0.386,361.01,156.27
1194.7,7,0.386,361.01,156.27
1199.8,7,0.438,361.01,156.27
1204.8,7,0.309,361.00,156.27
1209.9,7,0.257,361.00,156.27
1215.0,7,0.335,361.00,156.27
1220.0,7,0.515,361.00,156.27
1225.1,7,0.283,360.98,156.23
1230.1,7,0.180,360.98,156.23
1235.2,7,0.360,360.98,156.21
1240.3,7,0.386,360.99,156.24
1245.3,7,0.360,360.99,156.24
1250.4,7,0.386,360.99,156.24
1255.4,7,0.386,360.99,156.24
1260.5,7,0.206,360.99,156.24
1265.6,7,0.541,360.99,156.24
1270.6,7,0.334,360.99,156.24
1275.7,7,0.386,360.99,156.24
1280.7,7,0.283,360.97,156.22
1285.8,7,0.386,360.97,156.22
1290.9,7,0.283,360.97,156.22
1295.9,7,0.334,360.99,156.22
1301.0,7,0.232,360.99,156.22
1306.0,7,0.180,360.99,156.22
1311.1,7,0.154,360.99,156.22
1316.2,7,0.360,360.99,156.22
1321.2,7,0.386,360.99,156.22
1326.3,7,0.308,360.99,156.23
1331.4,7,0.411,360.99,156.23
1336.4,7,0.360,360.99,156.23
1341.5,7,0.386,360.99,156.23
1346.6,7,0.462,360.99,156.23
1351.6,7,0.359,361.04,156.27
1356.7,7,0.308,361.01,156.23
1361.8,7,0.386,361.01,156.23
1366.8,7,0.463,361.01,156.23
1371.9,7,0.386,361.02,156.23
1377.0,7,0.412,361.02,156.23
1382.0,7,0.360,361.00,156.17
1387.1,7,0.360,360.99,156.18
1392.1,7,0.540,360.99,156.18
1397.2,7,0.567,360.99,156.18
1402.3,7,0.515,360.99,156.18
1407.3,7,0.618,361.02,156.23
1412.4,7,0.490,361.05,156.27
1417.4,7,0.515,361.06,156.29
1422.5,7,0.437,361.06,156.29
1427.5,7,0.335,361.06,156.29
1432.6,7,0.437,361.06,156.29
1437.7,7,0.360,361.06,156.29
1442.7,7,0.463,361.02,156.23
1447.8,7,0.361,361.05,156.29
1452.9,7,0.411,361.05,156.29
1457.9,7,0.360,361.05,156.29
1463.0,7,0.335,361.05,156.29
1468.0,7,0.489,361.05,156.28
1473.1,7,0.437,361.05,156.29
1478.2,7,0.309,361.05,156.29
1483.2,7,0.438,361.05,156.29
1488.3,7,0.386,361.05,156.29
1493.3,7,0.361,361.05,156.29
1498.4,7,0.489,361.05,156.29
1503.5,7,0.386,361.07,156.29
1508.5,7,0.386,361.07,156.29
1513.6,7,0.593,361.07,156.29
1518.6,7,0.386,361.07,156.29
1523.7,7,0.437,361.03,156.23
1528.8,7,0.308,361.02,156.22
1533.8,7,0.591,361.03,156.23
1538.9,7,0.335,361.03,156.23
1544.0,7,0.334,361.03,156.23
1549.0,7,0.462,361.03,156.23
1554.1,7,0.412,361.03,156.23
1559.1,7,0.567,361.03,156.23
1564.2,7,0.489,361.02,156.22
